id_contract,TARGET
33,4.8368885e-05
29,0.00054885814
23,0.00046456076
67,1.5519561e-05
39,0.000117688134
45,0.001028401
7,0.0006556695
64,8.9757625e-05
36,0.00023476711
5,0.0005174061
61,0.0033484974
1,0.0019274766
6,0.00012803859
73,0.00021256281
78,0.00041606414
83,0.0006589153
89,0.0023854894
86,0.79483676
93,0.0005091871
92,0.0006895169
100,0.0021107332
96,0.0016898352
232,0.0027813455
111,0.00023849781
110,0.8665319
228,7.0524715e-05
256,0.00020151846
192,0.004910886
201,0.03436815
214,0.9693796
210,0.02515368
116,0.016165063
221,0.022265343
156,0.6186117
224,0.00031764322
193,0.14642118
119,0.0005431333
186,0.0006014861
287,0.95494354
136,0.0007762039
129,0.87193125
240,8.9125875e-05
204,0.0017915554
241,0.0007423405
223,0.0045726052
212,0.0012322149
169,0.0039789747
109,0.88037467
257,4.3730157e-05
220,0.002257858
108,0.001120745
273,0.00023014986
143,0.0005860014
103,6.151671e-05
206,0.019262813
107,4.5972203e-05
250,0.00073679077
289,0.0036823484
269,0.036423914
184,0.0013801332
154,0.90304625
249,0.005113266
386,1.330663e-05
325,0.9601653
311,8.459352e-05
355,0.16997221
373,0.0033767712
369,0.0026454872
326,0.017474556
308,0.35609484
388,0.00034417826
318,0.26788375
385,0.00016228377
307,0.13350132
333,0.0034826894
346,0.00930916
317,0.00020800978
309,0.014220755
314,0.000693574
343,0.09623296
297,0.94521606
344,0.07620631
322,0.9458746
371,4.7619895e-05
392,0.81741685
434,0.23750569
395,0.326006
406,0.0018449227
421,0.008090871
422,0.062143095
425,0.18254344
408,0.0001935377
429,0.29706675
416,0.0007660143
407,0.02389294
449,0.0010045642
443,0.08465031
445,0.00033921737
398,0.0010976697
491,0.00032313506
507,0.00051647035
483,0.00019632824
480,0.00012752354
467,0.00027902945
471,0.0019898594
517,0.004300458
503,0.099992335
521,0.058060855
555,0.0011083923
552,0.19915785
536,0.16036727
597,0.00036833074
534,0.7460129
554,0.19410618
596,0.00012836009
589,0.00017602816
600,0.0006672989
528,0.3929711
562,0.012862755
576,0.0043794247
574,0.0011010771
575,0.00083430647
613,0.00010923074
637,0.002212019
619,0.018495025
611,0.6679707
645,0.0044390364
649,0.9926838
664,1.6848375e-05
660,0.0017542262
663,0.02042107
655,0.00076995266
618,8.8309906e-05
614,0.2686076
626,0.013194083
643,0.21100609
688,0.22838372
712,0.00058018183
706,6.6479e-05
695,0.003948815
698,0.012934364
704,0.99582016
711,0.011035188
707,0.0070616817
736,0.38387004
759,0.00062205206
737,0.109457254
729,0.2825872
742,0.0098010255
725,0.0010933299
777,0.00032510745
785,0.019872567
779,0.00263967
768,0.2541366
764,0.026153225
762,0.005628848
784,0.000119481854
772,0.0017631734
852,0.15117191
879,0.00019363791
797,0.54147243
848,0.001924373
794,0.00014874712
870,0.74564505
841,0.810596
818,0.0002697321
860,0.0063851885
881,0.18794404
826,0.0008038063
804,0.0017776306
859,0.0003855529
877,0.0026716653
872,0.2236464
791,0.023571825
821,0.004744029
824,0.01856563
801,0.0013750126
807,0.00039795315
812,0.5788207
883,0.0006878721
837,0.2501261
805,0.9454922
868,0.0059970375
814,0.35367525
855,0.00013659644
798,0.3619906
925,0.47725022
933,0.00021242099
943,0.0349371
942,8.2321836e-05
894,0.08189126
952,6.503487e-05
898,0.00017682184
888,0.9672505
912,0.0035292779
919,0.0112283975
930,0.0060501425
987,0.00036167967
977,0.0030997943
974,0.30802032
965,0.014892254
994,0.0007907124
995,0.044017777
960,0.0002740575
999,0.0010733932
1036,0.0010211028
1007,0.00088315393
1006,0.0011375373
1024,6.7268295e-05
1035,0.024252608
1095,0.00017673873
1078,0.002642819
1052,0.9643694
1050,0.0004899965
1042,0.8290011
1074,0.9905475
1071,0.0008348957
1061,0.0016145871
1075,0.00042630476
1055,0.0009339365
1092,0.00040602701
1184,0.10508395
1118,0.47380877
1202,0.00023828146
1160,0.00475892
1148,0.01301508
1125,0.55124044
1149,0.0013080387
1191,0.0056514074
1226,0.0025350282
1178,0.001476281
1218,0.08858045
1179,0.00039646748
1161,0.0016972051
1159,0.21045275
1105,0.097915135
1155,0.0012888366
1164,0.007263366
1301,0.00036798505
1253,0.00022284045
1289,0.0032179567
1300,0.004035066
1302,0.00012209993
1277,0.15789454
1292,0.05260986
1252,5.391182e-05
1243,0.97918636
1308,0.0013145173
1290,0.0009834085
1278,0.009448533
1305,0.00029666477
1293,8.851031e-05
1257,0.7578692
1247,0.08562473
1283,0.0022953912
1298,0.00018456022
1248,0.00036576902
1316,0.15393177
1254,0.89455545
1334,0.7462027
1381,2.3459143e-05
1374,0.00013846267
1391,8.8024055e-05
1369,0.0052608424
1378,0.0019667186
1327,0.034322843
1361,0.0060736695
1337,0.000352784
1322,0.0017567897
1382,0.00045311856
1363,0.0025510653
1425,0.9856221
1430,0.0008407251
1410,0.0011040559
1429,0.032153305
1415,0.0010816689
1434,0.0013772071
1437,4.184668e-05
1433,0.024404753
1456,0.020710008
1478,0.99098665
1464,0.000777339
1463,0.8996182
1476,0.19775021
1483,0.93373
1596,0.00078398775
1566,0.0014646525
1579,0.0006111251
1500,0.0027741033
1534,0.00074922654
1521,0.0023517243
1505,0.0026310708
1542,0.0008500099
1567,0.6004199
1525,0.00015272347
1547,0.0004307769
1605,0.13508223
1546,0.0297859
1598,0.011854868
1568,0.0022193529
1548,9.2698094e-05
1545,0.00149059
1537,0.0011589393
1514,0.00245246
1663,1.41585415e-05
1611,0.00108826
1645,0.008830077
1619,0.01034797
1634,0.0015993904
1629,0.0038328115
1639,0.66263634
1656,0.0007330501
1685,0.5681001
1676,0.0008104514
1715,0.005234723
1677,0.0003658893
1711,0.013618157
1686,0.020693753
1790,0.0032293089
1757,0.62586576
1771,0.0017559538
1750,0.99306184
1759,0.003351524
1733,0.99347985
1730,7.420399e-05
1762,0.025029732
1786,0.0028229496
1741,0.011812024
1729,0.07310696
1787,0.027133975
1732,0.47707212
1827,0.0007602166
1807,0.006777922
1799,0.19533488
1810,0.019025728
1811,0.00075295987
1819,0.118055016
1831,0.013494855
1832,0.0027720581
1867,0.025997685
1893,1.7404605e-05
1854,0.73048395
1897,0.0033955923
1885,0.0015005298
1853,0.004027389
1842,0.69029415
1894,0.0019517035
1870,0.9948291
1869,0.007867412
1899,0.00019455512
1859,0.00040258863
1891,0.00076648046
1895,0.00012281492
1926,0.88409257
1928,0.0038163988
1925,0.614992
1937,0.0005856692
1929,0.0007462668
1917,0.8382607
1936,0.0004558253
1938,0.0064207125
1914,0.3294121
1934,0.0032175179
1916,0.0011045492
1956,0.99501884
1957,0.0007232746
1942,0.0012011554
1960,0.0004744855
1955,0.00017740564
1954,0.0032403343
1950,0.13041739
1968,0.00043657486
1962,0.6430319
1964,0.0023326878
1946,3.8539187e-05
1977,0.0002405933
1994,0.00034258593
1989,0.015093363
2006,0.0020805567
2013,0.000322383
2002,0.9233727
2015,0.0017446969
2012,0.0012379386
2022,0.015362384
2062,0.7159986
2040,0.001265628
2053,0.0012136064
2028,0.7647971
2064,0.019210055
2052,0.427649
2070,0.00063384295
2079,0.0006022649
2078,0.005325475
2037,8.4156796e-05
2073,0.00065055076
2081,0.0040891087
2086,0.00018786799
2048,0.09378866
2091,0.12044346
2111,0.0006748208
2113,0.0010291351
2115,0.0034676606
2107,0.55916864
2114,0.9923942
2124,0.94329613
2133,0.025351709
2125,0.0016211417
2099,0.0033334198
2106,0.72100514
2168,0.0005165908
2159,0.0036662787
2165,0.004203914
2142,0.0014224619
2152,0.71747124
2144,0.7244231
2197,0.0013949674
2201,4.8976504e-05
2184,0.7758728
2204,0.030291703
2187,0.80093294
2208,0.03232337
2183,0.8100381
2205,0.00033712923
2294,8.489819e-05
2218,4.929626e-05
2267,0.014379706
2274,0.00065092166
2276,0.00055022707
2263,0.0012660199
2286,0.0038855337
2224,0.05763367
2248,0.008345721
2220,0.0005564552
2258,0.29435822
2228,0.0016647998
2350,0.0014794264
2312,0.0048293527
2320,0.6139902
2337,0.6710745
2370,0.00038025193
2386,0.00015722819
2378,0.76457065
2368,0.033028927
2371,0.22529769
2363,0.7216994
2356,0.0020542988
2379,0.0014950224
2365,0.00035020462
2396,0.0018470391
2373,0.8349981
2417,0.002617843
2423,0.00068188104
2416,0.52227
2398,0.0045614587
2402,0.55520326
2411,0.4691988
2435,0.008017787
2431,0.00044749305
2445,0.33646944
2443,0.5997949
2437,0.00053781003
2465,0.005352499
2483,0.002464942
2538,0.93895036
2529,0.035456125
2513,0.0037376373
2466,0.0035129888
2516,0.09317123
2520,0.002505263
2542,0.9694439
2540,0.4524507
2519,0.035456125
2522,0.035453852
2499,0.0017677937
2546,0.00038348275
2574,0.00015855048
2579,0.0002946426
2555,0.000108972534
2583,0.9542141
2582,0.954174
2575,0.061639186
2578,0.0014998242
2551,0.1914177
2581,0.00026686993
2550,0.0015276407
2609,0.00023133325
2591,0.0011363449
2606,0.19240434
2594,0.0024234902
2601,0.42815614
2619,0.0001726183
2644,0.028852532
2698,0.0011285665
2625,0.9985428
2705,0.0149770025
2714,0.9980793
2622,0.0015228587
2688,0.98748463
2685,0.008359596
2648,0.9828347
2624,0.6220358
2675,0.07636511
2656,0.0024739325
2657,0.0010221145
2703,0.5551359
2683,0.0012428962
2665,0.026152194
2712,0.03864825
2642,0.13214369
2646,0.9797508
2632,0.039871976
2713,0.9951244
2695,0.026753847
2752,0.001088484
2741,0.022175996
2731,0.0007731134
2740,0.046873357
2749,0.028621908
2730,0.12164127
2742,0.06598099
2770,0.0007537751
2798,0.13028398
2788,0.7234188
2796,0.9993812
2791,0.99599326
2769,0.00026378376
2785,0.00024218782
2780,0.47683942
2775,0.001235778
2781,0.0010109796
2795,0.0016658922
2812,0.025551861
2814,0.01634863
2808,0.18935916
2804,0.00016157415
2810,0.00015118343
2820,0.0013158
2803,0.38643104
2863,0.0047216103
2858,0.00031373848
2857,0.33747852
2844,0.042793863
2836,0.00044743912
2828,0.71405226
2864,0.003635992
2835,0.22875798
2862,0.9697127
2867,0.10813357
2878,0.00031501616
2895,0.0018534987
2919,0.00091064203
2920,0.029679475
2935,0.0045453305
2875,0.008118048
2940,0.9917209
2933,0.026225504
2938,0.06163123
2870,0.0117271915
2889,0.0012750371
2941,0.9917209
2872,0.0002216443
2894,0.007725282
2909,0.00019717093
2974,0.0025594523
2977,0.53137237
2980,0.6525887
2949,0.03402207
2944,0.00028157223
2959,0.0007251329
2986,0.0056807115
2976,0.47001758
2988,0.00584848
2942,0.0047682365
2948,0.0347678
2947,0.004853648
3014,0.5261049
3015,0.6326197
2999,0.83871484
2997,0.000695644
3017,0.011640518
2991,0.00013816316
3005,0.3367316
3019,0.0045659794
3018,0.00030859598
3007,0.007964078
3016,0.6326197
3051,0.31427383
3043,0.3129381
3033,0.06600961
3039,0.0017829352
3050,0.00029762657
3058,0.9576028
3040,0.0014347204
3098,0.0023234047
3092,0.00070039905
3096,0.014759757
3079,0.28926307
3070,0.001461437
3087,0.02591762
3086,0.010077878
3072,0.3229429
3065,0.71966666
3073,0.997661
3149,0.012659626
3137,0.00085230835
3190,0.083153024
3145,0.015989112
3107,0.09130869
3170,0.0639661
3161,0.0017357515
3106,0.9648967
3159,0.009563233
3146,0.023843123
3178,0.0225422
3154,0.00064582523
3192,0.9673446
3204,0.00040983385
3228,0.0021106296
3246,0.00032582358
3249,0.0011063421
3217,0.70241404
3254,0.24626455
3248,0.8796985
3193,0.23203841
3231,0.053694796
3250,0.11234903
3229,0.0023990613
3202,0.19026466
3232,0.35909393
3245,0.0025605299
3213,0.0010507656
3224,0.081249736
3284,0.4025917
3271,0.005495239
3269,0.0023311458
3287,0.14380519
3268,0.724022
3273,0.95637083
3265,0.0021496671
3258,0.0012331284
3285,0.45110798
3262,0.0008245815
3292,0.01337245
3313,0.017706467
3311,0.0019550805
3324,0.0024787278
3316,0.98864275
3326,0.00017899588
3302,0.00368248
3332,0.80458856
3366,0.98553073
3340,0.0032207007
3345,0.00459142
3361,0.0057133543
3338,0.0002535042
3362,0.0011284358
3391,0.8514699
3395,0.99922967
3436,0.0055494197
3420,0.4458091
3466,0.33222756
3492,0.0054903887
3456,0.005149639
3500,0.000121743135
3428,0.1345678
3415,0.069876745
3400,0.03861932
3475,0.48933277
3490,0.0028857575
3401,0.16752958
3476,0.118035324
3506,0.003883641
3440,0.9997367
3472,0.011367736
3408,0.60694057
3473,0.83069515
3439,0.9997589
3569,0.00906942
3545,0.16748507
3544,0.011593072
3526,0.88876027
3564,0.01552256
3565,0.0012264275
3520,0.027906127
3521,0.00012067679
3527,0.91713595
3517,0.014959046
3562,0.00022086945
3533,0.035523806
3566,0.39583522
3532,0.0017163744
3553,0.9829292
3583,0.0006949625
3617,0.0019721123
3613,0.00012315478
3604,0.00037154657
3625,0.0003058384
3582,0.010338574
3611,0.001666952
3580,0.0022586014
3578,0.0052156555
3618,0.03105881
3630,0.13519269
3640,0.0005979548
3648,0.042649284
3633,0.008806093
3632,0.7602598
3635,0.0016923115
3626,0.9596824
3676,0.77295643
3691,0.05745994
3675,0.010605941
3670,0.025197348
3695,0.000552182
3696,0.95096624
3662,0.08588907
3692,0.09630902
3661,0.07883769
3698,0.03346269
3705,0.49018154
3788,0.0004529564
3738,0.0037087395
3737,0.014639533
3720,0.0051996973
3729,0.0017100346
3730,0.0005141285
3746,0.9331087
3781,0.016407771
3783,0.04222021
3792,0.027346984
3765,0.0033974904
3775,0.02883166
3761,0.99969804
3786,0.46321762
3742,0.0073120277
3811,0.19162022
3797,0.7288925
3842,0.04829117
3845,0.08152907
3852,0.46518302
3816,0.12763582
3855,0.06909664
3843,0.017352598
3822,0.9129619
3836,0.065581664
3815,0.014592983
3807,0.023597399
3833,0.01363089
3831,0.20246145
3868,0.00032452526
3875,0.0028664009
3882,0.7537458
3892,0.00061121996
3870,0.0016928132
3872,0.0005648645
3878,0.0002323955
3858,0.17641528
3921,0.075344354
3912,0.9994029
3923,0.012488553
3900,0.0026179026
3909,0.0109267635
3895,0.241258
3914,0.11559917
3915,0.52996397
3939,0.068217926
3932,0.98438156
3947,0.03995858
3930,0.8763281
3944,0.018791454
3934,0.16395259
3926,0.00044796232
3954,0.81437594
4004,0.0009427498
3984,0.0014215546
3975,0.07450542
3992,0.0004253847
4014,0.0007764343
3988,0.5470667
4037,0.00072023756
4042,0.18330877
3995,0.0017873895
4018,0.5364661
4030,0.9996443
4051,0.0071125366
3972,0.011020138
4020,0.9986076
3965,0.023345616
3973,0.0023003072
3980,0.040377658
4081,0.023863414
4089,0.9987147
4072,0.000485031
4068,0.008905014
4061,0.037260164
4070,0.75574297
4085,0.032803036
4103,0.005566202
4078,0.026243899
4146,0.0011622345
4112,0.9768207
4109,0.9853439
4142,0.8174597
4138,0.0011415852
4117,0.99979264
4127,0.023272464
4140,0.000402142
4136,0.0029560148
4107,0.004553122
4121,0.0006974579
4125,0.0009701664
4166,0.06745027
4171,7.922253e-05
4172,0.98902965
4168,0.25000086
4167,0.0082710385
4179,0.85474485
4182,0.5668009
4194,6.431292e-05
4185,0.0020618788
4180,0.08572692
4176,0.0016742607
4196,0.0009958346
4223,0.087039515
4210,0.05792259
4192,0.006993512
4204,0.006449807
4183,0.11354175
4212,0.01704293
4217,0.99939585
4228,0.00451021
4301,0.00032729367
4245,0.009732018
4253,0.0023875227
4281,0.66135216
4254,0.23753338
4326,0.0017471835
4315,0.021503456
4317,0.0011482337
4307,0.00101285
4287,0.01074635
4267,0.006262411
4236,0.00028350035
4290,0.00067198003
4291,0.020958811
4288,0.759205
4311,0.0069450517
4284,0.012039053
4361,0.07396414
4383,0.026727313
4371,0.01031746
4387,0.0017056932
4332,0.0021376845
4384,0.10292907
4386,0.0039568148
4372,9.964257e-05
4353,0.0075167185
4345,0.9997981
4349,0.0120567335
4366,0.12438996
4370,0.00530814
4356,0.00080490776
4365,0.03722457
4381,0.21862993
4396,0.35865557
4340,0.00012819825
4358,0.0004757972
4369,0.0013785294
4404,0.18844628
4414,0.35028085
4410,0.10307723
4435,0.0007907803
4443,0.005323227
4433,0.00085474615
4432,0.09836722
4428,0.1012243
4417,0.29410002
4424,0.09410111
4439,0.0070208316
4469,0.0034687696
4462,0.0037479054
4491,0.0038708912
4452,0.5250178
4477,0.1042131
4486,0.06792701
4485,0.0028319077
4468,0.04501801
4475,0.09795007
4502,0.3476018
4531,0.99965656
4512,0.0029029963
4536,0.99965656
4515,0.606344
4554,0.07961438
4603,0.018146526
4564,0.0016270857
4580,0.42988652
4560,0.01665772
4601,0.1519848
4595,0.5281747
4594,0.99877053
4566,0.6323218
4581,0.44807184
4550,0.036816843
4583,0.0004243968
4568,0.00058095873
4605,0.01054692
4615,0.91611695
4643,0.0011568067
4678,0.011078516
4713,0.0018633868
4661,0.029686198
4665,0.0018679731
4659,0.00035155975
4715,0.0037215299
4697,0.0021533186
4646,0.011072928
4644,0.007441009
4641,0.00092574157
4680,0.7817085
4671,0.2858499
4647,0.9997327
4642,0.9596319
4689,0.12980749
4695,0.3695422
4699,0.0004105457
4676,0.41159922
4731,0.49241278
4761,0.017561106
4755,0.99577373
4767,0.0008446556
4766,0.9988863
4779,0.1350915
4741,0.98693126
4733,0.0020794205
4780,0.5423909
4753,0.99648654
4748,0.9955806
4763,0.00084952085
4759,0.0010340929
4739,0.80932367
4772,0.4930794
4738,0.99587005
4786,0.9897314
4837,0.54160327
4839,0.049997535
4840,0.096219
4846,0.9974124
4802,0.61514926
4810,0.0009794394
4815,0.0046332683
4901,0.15869558
4860,0.9974124
4874,0.98632103
4895,0.0073572155
4811,0.00044933002
4892,0.35643736
4842,0.53996474
4794,0.92280686
4872,0.98744255
4820,0.0052009905
4847,0.9974124
4902,0.00023842712
4896,0.024427624
4823,0.010935734
4950,0.99707615
4940,0.99707615
4905,0.008006152
4922,0.028139578
4935,0.02674397
4953,0.99698204
4910,0.016885813
4909,0.8738928
4920,0.00087077514
4934,0.10712737
4960,0.00056360685
4924,0.15085977
4964,0.008543765
4942,0.9961682
4929,0.0019704856
4939,0.9962339
5038,0.00090340764
5046,0.17501315
5043,0.020042647
4994,0.97900635
5001,0.29942408
4995,0.5614068
5013,0.98745805
5045,0.0007636728
5035,0.97608757
5006,0.14084907
5015,0.0011467302
5004,0.21576913
5037,4.9623875e-05
5034,0.99753904
5067,0.0022259366
5065,0.1768798
5052,0.0099541005
5066,0.9292299
5091,0.9596866
5084,0.99965155
5086,0.99947983
5115,0.040791806
5119,0.98465466
5102,0.0011437066
5127,0.29557604
5114,0.035202682
5135,0.9893644
5113,0.0014882733
5120,0.0039864955
5146,0.0023320853
5132,0.99091154
5117,0.3553926
5158,0.035537604
5097,0.0018536707
5133,0.14338316
5198,0.030919887
5207,0.0007325292
5182,0.0075871907
5192,0.008401795
5180,0.12224266
5167,0.009551118
5214,0.012598876
5191,0.0027288261
5177,0.19509597
5186,0.0026621707
5233,0.072790325
5248,0.007861927
5219,0.33793607
5227,0.9368163
5245,0.008613785
5217,0.009759901
5221,0.001241186
5253,0.07489362
5236,0.001210679
5256,0.0030794793
5230,0.86600137
5254,0.053038623
5243,0.99460125
5232,0.021117587
5249,0.00836094
5257,0.48241293
5285,0.1117474
5261,0.010189654
5282,0.004038429
5263,0.7726531
5283,0.07529027
5266,0.00075418537
5265,0.98578227
5307,0.037928104
5288,0.0016498521
5291,0.0029206157
5308,0.002398379
5331,0.97493863
5313,0.00019157665
5305,0.0002225676
5339,0.041906606
5342,0.0010071074
5359,0.0005998399
5356,0.0056996103
5411,0.97881204
5432,0.0040590484
5394,0.0027758873
5409,0.97911835
5368,0.08741929
5378,0.9995278
5364,0.99981064
5418,0.5944314
5389,0.28788424
5426,0.02277336
5351,0.0081971465
5396,0.012259173
5410,0.98773414
5412,0.0030123591
5361,0.0035516806
5482,0.00082952913
5474,0.245175
5484,0.005127744
5470,0.0017785362
5443,0.067564726
5462,0.002270955
5489,0.9797804
5505,0.04126094
5445,0.0005008999
5501,0.002724248
5460,0.0056114728
5471,0.8776318
5441,0.00020150655
5442,0.006570552
5440,0.00056599814
5532,0.11769634
5507,0.04512316
5515,0.3937036
5519,0.03625558
5509,0.13957836
5511,0.004757685
5543,0.011685496
5512,0.24029927
5520,0.0005454724
5545,0.5953687
5530,0.99962234
5577,0.15228876
5559,0.010149747
5568,0.4472403
5604,0.0051428378
5605,0.0013883262
5617,0.047881883
5620,0.0381855
5624,0.9783322
5616,0.5780369
5593,0.004852607
5612,0.15794025
5608,0.0013821304
5615,0.06474971
5636,0.0015248292
5698,0.0025229214
5724,0.024510857
5715,0.002315417
5748,0.9998386
5660,0.0015500365
5658,0.0008300201
5729,0.46598002
5703,0.002574414
5754,0.0025388265
5769,0.22687149
5680,0.9998017
5691,0.0018475843
5723,0.0059159263
5766,0.5169611
5761,0.0019936184
5699,0.0018151721
5687,0.0036392754
5656,0.074057445
5665,0.0023630194
5670,0.9194865
5735,0.14390646
5731,0.079518296
5722,0.00090548926
5702,0.0020347997
5683,0.0054116487
5762,0.37182367
5730,0.35496745
5756,0.7741458
5638,0.99972516
5745,0.00066755107
5700,0.0032000716
5671,0.99993134
5697,0.0014694583
5758,0.032373402
5708,0.002657962
5646,0.00615052
5794,0.0020356122
5823,0.0009510208
5817,0.97286147
5826,0.0013661797
5774,0.008751438
5795,0.014167004
5810,0.21273269
5811,0.66864645
5805,0.02914301
5824,0.003943786
5835,0.003169879
5799,0.35606954
5861,0.0014082306
5868,0.026801862
5854,0.0024016108
5858,0.022282008
5852,0.73578984
5846,0.034705453
5920,0.00027249294
5907,0.16930477
5912,0.0016910735
5918,0.018065915
5914,0.015115416
5891,0.0010696622
5893,0.00072142837
5903,0.08900383
5904,0.3921596
5919,0.0018461603
5890,0.03606679
5898,0.011796427
5887,0.003089554
5945,0.09672035
5934,0.74371415
5931,0.018967103
5938,0.9568574
5947,0.67856115
5960,0.11231399
5973,0.9962902
5974,0.0012916537
6018,0.99932694
6009,0.99968565
6044,0.00112007
6041,0.0071869325
6021,0.27193832
6003,0.0010018804
6014,0.03968328
6054,0.09671394
5989,0.00016892121
6017,0.003977688
6027,0.9982869
5991,0.006128117
6028,0.014965309
6029,0.5059048
6033,0.004744146
6053,0.58945835
6096,0.041444216
6090,0.043779477
6083,0.35648778
6078,0.75414616
6117,0.0005417332
6086,0.99977404
6066,0.92629087
6075,0.75414616
6113,0.0012359663
6099,0.002720438
6076,0.75414616
6092,0.019881364
6072,0.75414616
6067,0.36309087
6135,0.8802923
6159,0.012389425
6151,0.07730221
6128,0.011807243
6122,0.00049425825
6155,0.020064265
6143,0.0064934324
6142,0.00027532584
6121,0.13087721
6154,0.002119245
6125,0.9077575
6139,0.87240946
6158,0.09959108
6156,0.05094906
6149,0.023573838
6184,0.0014433064
6182,0.014646351
6187,0.9549591
6231,0.11212521
6229,0.009789467
6200,0.05763522
6203,0.03142897
6248,0.0037140094
6234,0.609551
6274,0.29453832
6247,0.055352736
6238,0.87260616
6258,0.9905902
6280,0.5767847
6271,0.9844726
6270,0.98547935
6253,0.05229902
6250,0.009558713
6284,0.11921616
6257,0.9897035
6269,0.021503486
6262,0.8807527
6352,0.0021809672
6344,0.13394687
6295,0.98027474
6305,0.015626023
6333,0.0010325359
6338,0.9956993
6339,0.99654406
6370,0.015247526
6351,0.8942704
6322,0.99993265
6389,0.031711962
6328,0.00985187
6350,0.0046852543
6354,0.0051643224
6372,0.9899318
6384,0.031372067
6371,0.7239417
6412,0.76486635
6415,0.003890476
6400,6.545596e-05
6406,0.002738529
6396,0.0013037081
6404,0.013609207
6421,0.9925102
6434,0.5785547
6444,0.0028896427
6399,0.0018861844
6410,0.07886621
6501,0.00251114
6499,0.007674738
6495,0.5431003
6480,0.0006671857
6481,0.994419
6470,0.51000005
6506,0.1777709
6500,0.0025121253
6476,0.11457458
6505,0.000739986
6455,0.014950196
6494,0.33447737
6491,0.99389535
6457,0.8651045
6464,0.99884665
6478,0.011036566
6497,0.035999734
6514,0.0015924915
6519,0.17314517
6620,0.0024680404
6612,0.99421614
6610,0.9953784
6604,0.07474531
6594,0.00952514
6547,0.3992967
6627,0.027135054
6531,0.0009372959
6590,0.9978968
6568,0.048857246
6566,0.999984
6526,0.01963353
6617,0.99435234
6529,0.015892016
6560,0.999984
6561,0.999984
6601,0.99830556
6618,0.9946806
6550,0.042677037
6621,0.923035
6578,0.032295752
6536,0.0026748257
6605,0.5859527
6535,0.20893484
6580,0.088755116
6571,0.9527161
6592,0.9984471
6657,0.022380186
6673,0.9999566
6726,0.0075557143
6652,0.8074162
6693,0.31813878
6712,0.9948656
6640,0.07519884
6723,0.9999566
6669,0.99086297
6683,0.0022231562
6692,0.9968305
6729,0.044988777
6701,0.9968305
6691,0.3936821
6647,0.008799149
6706,0.020776484
6655,0.07521908
6771,0.9999633
6773,0.0031643694
6782,0.037085827
6742,0.009239916
6754,0.4007039
6810,0.10175871
6800,0.992983
6790,0.008224188
6741,0.0025736096
6787,0.010115175
6738,0.04766517
6808,0.004486708
6799,0.99393314
6732,0.007197481
6806,0.13852926
6758,0.9561517
6783,0.99881244
6747,0.6718869
6740,0.20478362
6794,0.9999633
6827,0.06123308
6824,0.99985945
6836,0.9972728
6841,0.08872752
6820,0.9994837
6849,0.9981154
6829,0.0003735416
6812,0.0007312956
6848,0.99985945
6828,0.15359285
6882,0.00411385
6890,0.9998554
6875,0.99520785
6869,0.0008370114
6891,0.06911582
6873,0.4146176
6889,0.9998554
6860,0.2381198
6858,0.99965906
6883,0.9998554
6894,0.0028632553
6896,0.98660827
6921,0.0018344957
6924,0.119101144
6983,0.0012796944
6913,0.06596645
6956,0.99890065
6927,0.10548578
6922,0.032376137
6928,0.99990857
6986,0.005432804
6911,0.016627107
6909,0.009410068
6918,0.030802732
6952,0.0032911287
6910,0.87157327
6942,0.87347907
7003,0.17115514
7013,0.006712299
7044,0.999645
7041,0.7121376
7050,0.029608903
7066,0.9957704
7077,0.0008801071
7082,0.006793769
7046,0.0018105514
7012,0.08826634
7081,0.0020361897
7074,0.05744179
7060,0.024366675
7102,0.8340525
7112,0.008220463
7101,0.004763962
7154,0.58714604
7183,0.43212387
7158,0.032529898
7151,0.06183502
7150,0.0059303665
7160,0.999897
7147,0.06855374
7176,0.999897
7155,0.05627182
7178,0.99992216
7182,0.047374167
7163,0.8518312
7175,0.99991894
7239,0.00032554165
7208,0.36552352
7235,0.030774035
7219,0.9285094
7201,0.22707853
7195,0.090698846
7211,0.9927886
7192,0.99860436
7190,0.8576088
7240,0.030495616
7206,0.9999198
7218,0.7252766
7244,0.3057177
7253,0.700839
7252,0.89509994
7261,0.01203708
7357,0.99993336
7292,0.0016372693
7290,0.99683076
7332,0.012379254
7276,0.0033788804
7317,0.02668703
7346,0.4592111
7358,0.0024308332
7354,0.99993765
7320,0.059563927
7272,0.99993765
7273,0.013188807
7269,0.05736667
7351,0.017264308
7271,0.6908786
7305,0.9998939
7329,0.0064910213
7293,0.04189579
7267,0.0044520195
7266,0.00011716555
7397,0.011782266
7410,0.0008423601
7406,0.0037668736
7401,0.99679923
7370,0.13649908
7436,0.9999758
7367,0.0021159975
7450,0.060193356
7430,0.008285339
7451,0.9998746
7420,0.041439027
7444,0.0032298598
7423,0.033755593
7371,0.017507646
7439,0.9999758
7425,0.7714522
7447,0.9999753
7379,0.011590985
7434,0.99997723
7438,0.99997723
7435,0.9999778
7459,0.0031113487
7489,0.00053791585
7463,0.17402843
7480,0.9913771
7510,0.001985249
7491,0.77391446
7503,0.93549645
7498,0.4937619
7467,0.011480886
7464,0.0026106243
7502,0.03185017
7516,0.0026136008
7556,0.015443277
7541,0.58151716
7531,0.9790086
7548,0.7662149
7596,0.0028237887
7601,0.2092908
7581,0.031269576
7584,0.72256625
7570,0.0020671682
7563,0.0003831082
7566,0.98399144
7575,0.22735272
7597,0.013165728
7576,0.6122009
7611,0.99965036
7628,0.94466466
7618,0.030674908
7656,0.94861704
7639,0.009351172
7635,0.0013704395
7688,0.071764074
7698,0.0009136469
7671,0.3596908
7693,0.15216531
7664,0.01909155
7669,0.8907185
7641,0.043102745
7672,0.017431645
7687,0.99876815
7668,0.39496768
7633,0.02550184
7652,0.0027925754
7623,0.9998995
7660,0.0014193138
7700,0.11914943
7715,0.9996953
7723,0.2951459
7764,0.009712599
7704,0.95408076
7787,0.0013095962
7768,0.3088483
7771,0.022440525
7785,0.99111474
7776,0.016415462
7788,0.04189619
7767,0.007915854
7769,0.37508613
7804,0.99941766
7775,0.0006354646
7838,0.05373954
7844,0.07998763
7830,0.0038398453
7834,3.7688347e-05
7843,0.14053412
7850,0.027787903
7835,0.9904018
7820,0.64120996
7840,0.11174991
7824,0.9320513
7812,0.0020537504
7841,0.22842802
7828,0.02954117
7853,0.0039946246
7878,0.0020525877
7874,0.0022238418
7857,0.555013
7875,0.0024395126
7900,0.010673099
7984,0.0010366228
7909,0.99990237
7952,0.9468779
7978,0.99990237
7920,0.005142801
7969,0.006635195
7927,0.00035698136
7953,0.043355267
7982,0.104064815
7911,0.0064686364
7970,0.0093429815
7950,0.027128484
7967,0.04877026
7957,0.99853146
7987,0.012208679
7928,0.00020458005
7910,0.017793586
7965,0.014618101
8000,0.9923078
8030,0.60075444
8038,0.015667215
8003,0.0044188607
8012,0.10764165
8033,0.019998236
8034,0.000764019
8041,0.09598
7995,0.0024618732
8010,0.510319
8013,0.003947347
8025,0.039905176
8004,0.9993242
8002,0.002469936
8048,0.12812306
8075,0.24231791
8055,0.99941766
8060,0.007139182
8088,0.9646208
8054,0.99308175
8073,0.0026671053
8068,0.00222099
8070,0.07607575
8095,0.8614402
8102,0.009903766
8105,0.03138076
8110,0.0011813022
8098,0.9919674
8107,0.23228996
8135,0.024117377
8118,0.015611555
8154,0.11987737
8144,0.0014266478
8146,0.004137623
8158,0.020204037
8204,0.9967199
8221,0.9996954
8177,0.99960095
8211,0.004894334
8200,0.0061762757
8168,0.0006606697
8163,0.005420778
8164,0.013360338
8176,0.0012604053
8206,0.0030430402
8229,0.31348982
8161,0.9969234
8182,0.012775433
8226,0.0081987325
8277,0.084377244
8273,0.15319839
8265,0.0056175217
8262,0.0047216173
8260,0.99966204
8250,0.0054843593
8275,0.0024230233
8312,0.95058805
8318,0.0017693924
8326,0.0049351114
8319,0.9940187
8291,0.060681704
8296,0.6206416
8317,0.0058660586
8350,0.46328655
8343,0.58757085
8340,0.00016616644
8339,0.0016122728
8365,0.02316729
8376,0.057422057
8362,0.008139085
8382,0.009147925
8383,0.004046444
8368,0.013842516
8391,0.25045398
8403,0.06770288
8409,0.00019810788
8452,0.99328023
8415,0.15243122
8404,0.99732333
8430,0.043615844
8396,0.9955558
8454,0.047367916
8432,0.31034237
8435,0.011282088
8425,0.0023297034
8443,0.040191747
8401,0.99549943
8455,0.00011474874
8474,0.0043869205
8494,0.0033986352
8503,0.99951065
8487,0.0014322093
8481,0.92849797
8488,0.89606345
8482,0.570361
8472,0.9996748
8480,6.805274e-05
8501,0.0039156065
8484,0.011860366
8536,0.0003076879
8535,0.07559063
8531,0.13806795
8524,0.99458754
8540,0.2683795
8538,0.008628044
8529,0.00058606843
8522,0.9949655
8516,8.038779e-05
8541,0.7494878
8552,0.012488482
8563,0.99414563
8545,0.9856312
8544,0.64858013
8575,0.045858618
8564,0.007274883
8576,0.89149946
8587,0.02854205
8589,0.0007553689
8579,0.0056984536
8590,0.006353177
8601,0.9969531
8630,0.26305535
8647,0.80415845
8642,0.99283665
8606,0.0068792896
8632,0.18235539
8666,0.94328433
8671,0.017366638
8680,0.9962373
8657,0.020522334
8720,0.008646009
8697,0.00073753117
8702,0.017309362
8698,0.0010568731
8730,0.9295542
8733,0.9956084
8738,0.9956084
8736,0.9140784
8724,0.3949693
8737,0.9088983
8744,0.0036387222
8768,0.012786528
8748,0.008396307
8767,0.37293202
8749,0.020610977
8751,0.017090172
8759,0.0016071674
8771,0.011087417
8778,0.0031788491
8754,0.99983215
8764,0.86055887
8793,0.9921306
8820,0.003096192
8787,0.031349465
8800,0.041970827
8819,0.10976934
8806,0.18056366
8791,0.042085268
8807,0.025803119
8832,0.009099395
8830,0.0006084954
8862,0.0027325894
8847,0.30929592
8860,0.24312125
8865,0.0010093724
8839,0.04419344
8868,0.013757633
8863,0.05082614
8837,0.99213046
8853,0.9939276
8885,0.00861293
8894,0.0052191974
8883,0.0012793965
8901,0.90953356
8880,0.022085872
8923,0.05485498
8919,0.14296989
8926,0.0009864311
8907,0.0016848439
8908,0.00084127235
8905,0.00013871666
8910,0.0017112535
8949,0.004492682
8960,0.12192801
8935,0.010243543
8954,0.9806174
8941,0.9928807
8970,0.49556622
8982,0.7780513
9033,0.0012711642
9000,0.99647236
8977,0.06678139
8989,0.025328157
8980,0.0053580077
8971,0.0020952697
9009,0.003861696
9013,0.9943516
9053,0.0019624971
9060,0.0019873995
9052,0.995644
9061,0.036116164
9064,0.99364907
9077,0.0098677585
9048,0.026738092
9056,0.78521305
9072,0.009667327
9118,0.036892943
9116,0.0009650366
9090,0.03097597
9107,0.353738
9091,0.0045319865
9084,0.0009090356
9081,0.00070914236
9094,0.15514259
9089,0.37333348
9106,0.37033847
9099,0.007271216
9112,0.007929756
9095,0.9935582
9147,0.3102794
9122,0.9934581
9131,8.725295e-05
9149,0.3095257
9139,0.0007153333
9138,0.17562424
9125,0.0022247457
9144,0.024262102
9134,0.15463465
9176,0.9925545
9181,0.002439746
9190,0.060036205
9174,0.9797729
9184,0.3959181
9178,0.04849991
9152,0.0025329357
9168,0.43453953
9154,0.0009114154
9265,0.9926233
9245,0.9995939
9225,0.996358
9218,0.6954991
9249,0.0058168485
9272,0.00066533824
9267,0.0004927952
9217,0.0017103846
9227,0.99961215
9194,0.00033036587
9222,0.9932116
9259,0.04697412
9257,0.017357357
9271,0.013362821
9253,0.00045081528
9261,0.004459391
9230,0.10188631
9195,0.008023038
9198,0.31010777
9250,0.0014814
9231,0.025276173
9314,0.9949248
9289,0.3067703
9281,0.9963044
9297,0.012857367
9329,0.0036517424
9311,0.9934077
9333,0.1608076
9291,0.0027767336
9352,0.042669557
9358,0.9962114
9349,0.027712548
9374,0.0034356082
9375,0.0028044987
9376,0.12917306
9377,0.023472587
9370,0.0048120175
9348,0.034327228
9371,0.31971404
9360,0.088608615
9340,0.046138883
9344,0.10507036
9353,0.9876008
9397,0.93245816
9418,0.0022615844
9409,0.0027346145
9414,0.99980086
9407,0.013115252
9406,0.9934315
9387,0.0067078173
9436,0.044234257
9441,0.99445444
9446,0.9951218
9432,0.047388393
9445,0.99482816
9449,0.99245125
9459,0.003373576
9426,0.81323844
9537,0.056278966
9507,0.23320895
9534,0.5533189
9492,0.9406396
9497,0.075325675
9535,0.9989579
9528,0.99985397
9498,0.9406396
9532,0.26008207
9514,0.9934689
9573,0.99426335
9549,0.0013729281
9589,0.99983776
9565,0.920808
9557,0.9926206
9578,0.98799556
9585,0.0017209853
9595,0.9526949
9552,0.06909319
9572,0.010140487
9632,0.032080874
9613,0.0026589509
9603,0.99546474
9616,0.85437256
9615,0.0024251807
9630,0.48496208
9614,0.19680195
9609,0.08942476
9626,0.047358867
9661,0.007656939
9663,0.06384962
9640,0.00063362916
9668,0.0026582668
9637,0.00064768584
9678,0.37055507
9676,0.12437901
9697,0.0016019563
9701,0.0044918354
9689,0.85702443
9686,0.7717958
9688,0.98258245
9670,0.41126522
9706,0.038075972
9735,0.025841316
9707,0.4312707
9733,0.030068599
9766,0.020425534
9771,0.3248334
9749,0.015904764
9759,0.0035831241
9728,0.03849692
9713,0.009858202
9746,0.21145582
9737,0.9991698
9712,0.017914785
9755,0.014919084
9769,0.003823543
9748,0.0057687187
9773,0.3805096
9719,0.99976057
9764,0.097507305
9725,0.0017824831
9711,0.0042659994
9716,0.09611381
9817,0.06916205
9778,0.055100653
9808,0.810297
9783,0.014461914
9780,0.08160328
9794,0.9921876
9796,0.99965453
9845,0.022069683
9835,0.053203214
9839,0.9967303
9842,0.0036428792
9846,0.00015382662
9827,0.11408404
9830,0.3697567
9871,0.004988003
9873,0.9496831
9884,0.009743785
9886,0.02134873
9916,0.11956122
9904,0.006757815
9900,0.9416487
9891,0.9952565
9911,0.10523179
9948,0.004570151
9925,0.53232837
9984,0.016041975
9930,0.015571466
9927,0.036790803
9967,0.03809223
9928,0.9993074
9972,0.005225135
9956,0.9851318
9957,0.00066985685
9945,0.009016282
9931,0.9994017
9939,0.99938583
9966,0.07590312
9973,0.042736005
9971,0.115936
9985,0.022366235
9980,0.26872316
10000,0.11702805
10009,0.22373253
10016,0.00058988336
10025,0.9144399
10030,0.008248368
10041,0.00046403255
10040,0.0026754339
10033,0.01616005
10004,0.010584236
10039,0.99980515
10007,0.9956533
10018,0.0013122895
10063,0.0042664655
10075,0.012326588
10050,0.9857168
10055,0.00025417723
10074,0.015997306
10069,0.03231578
10065,0.6950548
10088,0.9860183
10086,0.07346213
10102,0.5448551
10093,0.9646452
10101,0.013579243
10109,0.00048227658
10110,0.009605931
10125,0.0070519024
10186,0.77197605
10181,0.006810134
10177,0.080971636
10183,0.043345723
10213,0.99960846
10162,0.0015859976
10217,0.010220697
10206,0.1537878
10195,0.00013429254
10180,0.9975521
10176,0.9974873
10199,0.0030544142
10141,0.051034506
10205,0.7881055
10173,0.9974873
10189,0.23359746
10171,0.11239626
10214,0.23085363
10164,0.015825586
10157,0.081856705
10271,0.0020645151
10246,0.99253243
10261,0.0021604493
10268,0.021643315
10244,0.9947194
10241,0.99253243
10231,0.13348603
10267,0.14483915
10265,0.008057417
10245,0.0017569361
10224,0.0029816905
10304,0.008692706
10287,0.99580705
10297,0.98004353
10294,0.001026414
10278,0.00074986974
10308,0.99843735
10282,0.040540412
10331,0.99592364
10314,0.0010444013
10367,0.007780536
10354,0.06191854
10352,0.0011469962
10344,0.0022710627
10365,0.9952247
10378,0.008423808
10362,0.46286327
10366,0.05021867
10361,0.005379621
10346,0.02064326
10349,0.12130652
10402,0.39315665
10410,0.5362342
10389,0.53366005
10406,0.5506827
10419,0.5309538
10409,0.5309538
10388,0.5594698
10408,0.47989804
10387,0.49690047
10478,0.8035138
10516,0.04545591
10461,0.10911208
10527,0.9999889
10437,0.0030260002
10443,0.005025156
10449,0.008866112
10446,0.03845111
10489,0.89509535
10538,0.015817605
10503,0.8604038
10451,0.045813978
10429,0.011691048
10519,0.19108236
10440,0.11464056
10438,0.06113363
10452,0.7563815
10488,0.8181993
10469,0.8154862
10431,0.007751747
10448,0.8496893
10455,0.00070552016
10529,0.2483035
10471,0.99928373
10484,0.6011949
10458,0.84874827
10430,0.03741943
10453,0.012535781
10544,0.010638544
10435,0.014378422
10524,0.9999913
10599,0.16046868
10564,0.0062516397
10609,0.030059215
10571,0.9986634
10597,0.96259254
10604,0.17234701
10568,0.021685604
10569,0.35495406
10605,0.029700227
10558,0.04063918
10563,0.010067479
10611,0.78818613
10547,0.81169266
10572,0.012348004
10595,0.65872604
10555,0.0076629114
10636,0.19484742
10649,0.036411542
10651,0.6184583
10643,0.6552875
10648,0.6466694
10623,0.0037392587
10619,0.034120716
10629,0.0033328496
10654,0.66426307
10681,0.6575965
10687,0.029481469
10665,0.0028142906
10705,0.999894
10710,0.96629727
10711,0.0012092285
10720,0.3848111
10713,0.020230759
10696,0.0015537028
10730,0.048278492
10767,0.14248228
10762,0.0019123853
10761,0.7014813
10792,0.009287935
10777,0.0043246388
10779,0.9964755
10787,0.18492283
10738,0.0050719166
10793,0.03943384
10763,0.005710676
10796,0.025860475
10815,0.9996985
10803,0.029968558
10834,0.004033897
10810,0.03164677
10825,0.91911983
10798,0.2701769
10799,0.010183962
10833,0.0014232058
10797,0.16487244
10802,0.0023910608
10812,0.0074743526
10818,0.083275795
10811,0.358733
10827,0.93659335
10809,0.99798894
10839,0.0076794676
10842,0.0018996865
10849,0.99632996
10860,0.005665659
10850,0.9953359
10856,0.0272514
10873,0.025877748
10881,0.039332233
10880,0.9355819
10872,0.07112237
10877,0.5391436
10910,0.0010746163
10894,0.002186471
10897,0.6129549
10915,0.015676476
10900,0.0014195234
10923,0.20009163
10959,0.026568642
10964,0.9738564
10966,0.5313215
10931,0.003156076
10979,0.029016484
10938,0.018128973
10985,0.107445344
10982,0.007680496
10961,0.00034593174
10998,0.32162112
11000,0.0076866075
11017,0.14798793
11009,0.9268047
11020,0.99496293
11001,0.005110666
11013,0.967671
11031,0.017749954
11051,0.001310821
11046,0.99900407
11072,0.014857296
11047,0.0095083695
11060,0.45313072
11076,0.22760357
11088,0.029190507
11092,0.06512589
11125,0.015151228
11122,0.97902703
11105,0.017933184
11133,0.003484358
11148,0.5834532
11149,0.00083115464
11146,0.04860413
11180,0.014368601
11167,0.015971918
11206,0.1314455
11160,0.035922486
11174,0.014598834
11177,0.56461984
11144,0.021996656
11156,0.031150755
11147,0.29701877
11220,0.9756645
11231,0.9996381
11230,0.004451654
11229,0.000659274
11213,0.012450649
11212,0.096313775
11233,0.32446864
11259,0.013647089
11258,0.13814206
11283,0.013052823
11279,0.0041545723
11274,0.35513052
11267,0.9920719
11272,0.24804717
11263,0.07501867
11305,0.020835992
11317,0.8933585
11313,0.003718964
11311,0.003289341
11315,0.0029143489
11319,0.0074108248
11312,0.052715473
11353,0.026982617
11340,0.022878665
11348,0.00068268826
11329,0.06637764
11354,0.07937228
11356,0.0113243945
11411,0.03295655
11380,0.10182123
11425,0.07168727
11359,0.10659388
11416,0.5977707
11364,0.990657
11362,0.01917751
11370,0.0027840342
11404,0.00083534495
11377,0.041993927
11397,0.9993285
11418,0.6624311
11372,0.00045093932
11379,0.01232988
11465,0.98767483
11459,0.08344852
11458,0.04045832
11426,0.24338837
11453,0.99912804
11470,0.9932488
11442,0.003775537
11446,7.3123e-05
11452,0.14870031
11440,0.0050588823
11432,0.008249242
11498,0.010544821
11497,0.9936134
11478,0.0035267868
11493,0.003656996
11482,0.18265729
11499,0.5105796
11495,0.75652075
11494,0.016260397
11481,0.9988456
11517,0.052681398
11537,0.01778528
11541,0.00016955362
11531,0.010095122
11540,0.9984919
11538,0.0079578115
11549,0.028064728
11571,0.0007464692
11573,0.13644421
11543,0.035423834
11563,0.06922123
11577,0.0010045316
11578,0.00048117017
11579,0.75512505
11580,0.0002028817
11630,0.54707754
11616,0.9675271
11585,0.0036748392
11586,0.010950788
11650,0.0011102055
11654,0.0023481136
11613,0.18532084
11623,0.37533107
11605,0.9999471
11638,0.009060456
11609,0.019253792
11653,0.00025364754
11656,0.5031087
11686,0.28592065
11675,0.004420869
11670,0.055787716
11667,0.007825638
11687,0.0038429345
11657,0.0076437322
11664,0.9986161
11669,0.98769104
11704,0.07783206
11696,0.0057356306
11710,0.04180766
11717,0.004930447
11705,0.0009454461
11712,0.0002518388
11698,0.048943616
11719,0.14002359
11724,0.0049934993
11735,0.04419627
11741,0.16317609
11729,0.0029262963
11750,0.005043684
11722,0.0051025166
11774,0.020718705
11784,0.00076669786
11805,0.00018767445
11764,0.1076822
11814,0.22251861
11785,0.012090056
11790,0.008626633
11780,0.007433159
11758,0.26807123
11811,0.14457615
11856,0.8806952
11821,0.77659535
11848,0.04754236
11845,0.00838368
11844,0.0095442645
11861,0.019902496
11830,0.9892513
11852,0.014155195
11871,0.0025785374
11875,0.07688071
11865,0.026419638
11864,0.04828087
11885,0.5596647
11870,0.0038968986
11905,0.982745
11902,0.000362921
11901,0.41706496
11918,0.30738997
11932,0.0019409003
11953,0.33626673
11979,0.019902512
11948,0.01322327
11954,0.7019485
11997,0.018614328
11974,0.014982575
11983,0.34152472
11961,0.9999442
11990,0.0042991186
11991,0.11007943
11994,0.0020295891
12001,0.0049286922
11963,0.998475
11947,0.003020908
12029,0.014947156
12011,0.0068513914
12022,0.00338529
12026,0.024248451
12013,0.02002098
12036,0.02956995
12030,0.013935842
12020,0.016518049
12023,0.00023059773
12012,0.9820936
12038,0.017842839
12034,0.006871622
12019,0.0011151041
12031,0.9920365
12033,0.014892954
12066,0.003109078
12075,0.038450606
12060,0.56301826
12084,0.8555951
12094,0.047195908
12071,0.00055979897
12067,0.015595034
12093,0.6879207
12069,0.008488578
12092,0.00034688896
12076,0.9984409
12105,0.0006252046
12120,0.021868244
12121,0.0027770926
12156,0.092948236
12161,0.010706609
12125,0.21788236
12132,0.99831223
12146,0.31946322
12136,0.013246934
12141,0.009588496
12168,0.057876743
12221,0.06462656
12214,0.008737736
12170,0.99966216
12245,0.006049156
12206,0.032722805
12223,0.066839255
12227,0.05011905
12172,0.011608064
12183,0.0023731908
12181,0.00022629819
12188,0.09469334
12180,0.011462322
12231,0.0044959593
12177,0.8448326
12209,0.9998186
12201,0.9998186
12225,0.069729805
12238,0.035649303
12176,0.008253027
12204,0.20780344
12299,0.12435933
12267,0.94434315
12274,0.11906549
12275,0.006913758
12293,0.69001764
12269,0.035599206
12273,0.0074559343
12266,0.011327005
12287,0.44353962
12303,0.0034145925
12284,0.31286016
12302,0.00025764015
12308,0.030308425
12310,0.6350594
12318,0.0028128482
12355,0.004773879
12330,0.36182946
12342,0.046874125
12341,0.033263545
12352,0.0016642656
12350,0.28669977
12347,0.11094366
12339,0.00031688038
12321,0.0017357359
12389,0.8447528
12368,0.0010605535
12379,0.0040132296
12369,0.92895824
12390,0.0042387866
12384,0.008046045
12400,0.00067921344
12394,0.00039243366
12402,0.7536592
12424,0.00015444861
12405,0.7953667
12443,0.014377665
12412,7.495837e-05
12437,0.005051771
12414,0.00024130111
12410,0.0021660104
12418,0.9723406
12420,0.0040948237
12417,0.017980712
12448,0.006377769
12470,0.00016573587
12489,0.0019019734
12491,0.06006937
12543,0.0003765094
12473,0.004957461
12467,0.99975914
12515,0.0019901528
12457,0.9874241
12539,0.6009032
12520,0.009837526
12475,0.0043195025
12499,0.9892742
12492,0.07175532
12497,0.025731359
12514,0.10204608
12538,0.58807445
12513,0.9373529
12480,0.9901419
12536,0.08927048
12508,0.009902107
12546,0.023377785
12510,0.00017150727
12547,0.09751553
12540,0.40589675
12593,0.92409486
12586,0.0028748536
12594,0.6483188
12610,0.03743732
12553,0.076490775
12556,0.35941428
12616,0.0004448525
12577,0.0036665748
12589,0.007516968
12559,0.18906449
12583,0.948627
12599,0.9989563
12590,0.0007288174
12667,0.0009960746
12622,0.00033546795
12652,0.04106865
12627,0.008813749
12628,0.054544676
12637,0.94744223
12640,0.00087898993
12663,0.99938786
12631,0.98799825
12657,0.04395297
12632,0.009191162
12656,0.006712213
12685,0.96599025
12699,0.9656981
12672,0.98383236
12675,0.008345413
12687,0.0075016967
12680,8.742627e-05
12677,0.00072701805
12683,0.22600946
12671,0.0048209014
12701,0.07772878
12722,0.99910283
12734,0.00018689175
12742,0.6382298
12707,0.00073549396
12705,0.06512189
12746,0.00042079538
12739,0.9995066
12748,0.00085148483
12824,0.009559106
12837,0.001991139
12766,0.00066489103
12810,0.027886696
12828,0.0037469566
12793,0.00657611
12790,0.0013949515
12859,0.19987191
12853,0.00037409776
12794,0.99993694
12801,0.007989506
12835,0.00056930224
12788,0.0030291453
12768,0.00023346441
12806,0.105972245
12772,0.1269835
12876,0.030876098
12915,0.0011008248
12935,0.99945563
12916,0.98726636
12894,0.24716112
12928,0.09472944
12889,0.0004884483
12931,0.0014515829
12913,0.00620784
12905,0.9194846
12871,0.46487862
12909,0.0026219434
12885,0.4114167
12941,0.0019900675
12903,0.37609163
12881,0.58224905
12919,0.0009351101
12896,0.00074715173
12972,0.019631712
13000,0.0777307
12977,0.68491775
12974,0.0012457691
12999,0.98016113
12973,0.002861957
12984,0.0067070704
12989,0.92862743
12971,0.92862743
12978,0.8054499
12967,0.0064240014
13012,0.021982715
13033,0.0011239231
13019,0.025368063
13007,0.00042782875
13006,0.049230102
13032,0.00034855856
13017,0.00075589604
13038,0.009913043
13081,0.007828219
13073,0.020527544
13067,0.03647835
13052,0.0019782616
13051,0.0026760788
13065,0.93393385
13049,0.002812487
13060,0.22481945
13074,0.0004783369
13053,0.00031218844
13056,0.28675056
13055,0.011005367
13101,0.0445645
13046,0.00032788707
13108,0.9504723
13180,0.006134248
13202,0.008982177
13130,0.016055288
13137,0.10855387
13152,0.9936505
13183,0.9997478
13207,0.0060146353
13113,0.00042517064
13159,0.9138997
13147,0.0028583303
13123,0.061653957
13157,0.9618028
13116,0.4665884
13211,0.024378508
13179,0.013655596
13220,0.99997735
13195,0.8131052
13177,0.020752542
13199,0.006130348
13218,0.14678518
13224,0.99997735
13228,0.04541402
13272,0.02759158
13277,0.9998808
13310,0.033271488
13282,0.0023380304
13289,0.08373305
13321,0.055654526
13335,0.008020301
13318,0.97781074
13241,0.0005832443
13315,0.9944518
13314,0.9955498
13242,0.0009610828
13285,0.051059745
13333,0.99972063
13299,0.08301153
13331,0.1750025
13305,0.013928257
13259,0.0019734418
13279,0.029222174
13267,0.25999573
13336,0.01814775
13387,0.014652058
13367,0.9994124
13349,0.16796385
13347,0.015290523
13348,0.0007840923
13363,0.004092687
13351,0.00055115164
13354,0.0027555854
13370,0.0017688172
13410,0.0029919385
13433,0.4788202
13438,0.00059177296
13463,0.008475416
13446,0.10576374
13434,6.700759e-05
13464,0.023621405
13460,0.013284278
13411,0.051769912
13432,0.07134716
13429,0.000678974
13416,0.012994919
13539,0.0010363454
13542,0.12989363
13512,0.00061785517
13493,0.002143334
13470,0.9999584
13524,0.0019125657
13477,0.99540496
13506,0.85697186
13521,0.008323895
13532,0.011534884
13505,0.9998915
13510,0.112780616
13536,0.008283768
13474,5.3145784e-05
13499,0.16497552
13533,0.18798566
13531,0.0014775201
13526,0.0107970275
13518,0.018499605
13523,0.022284584
13509,0.0005706232
13544,0.15639837
13558,0.003769258
13557,0.010299533
13559,0.99858874
13563,0.002539777
13562,0.003517644
13590,0.04389301
13671,0.0005184008
13694,0.0013883752
13683,0.003093044
13631,0.0072925976
13665,0.012681363
13621,0.999933
13622,0.0007754638
13677,0.0012493304
13679,0.21334423
13625,0.024560131
13722,0.016012805
13641,0.02204619
13695,0.9990113
13652,0.011966097
13716,0.021909831
13670,0.0035903018
13693,0.0068163485
13609,0.00051715854
13626,0.008389116
13613,0.0033344927
13592,0.14668013
13674,0.003541322
13635,0.08355806
13585,0.013444664
13688,0.024649471
13687,0.0036852818
13691,0.16321734
13644,0.005084324
13831,0.00065841904
13736,0.99994826
13799,0.0063241227
13786,0.0040131724
13751,0.012739724
13757,0.003932184
13773,0.0025275622
13765,0.9604225
13739,4.4233333e-05
13790,0.00046324386
13726,0.0046222047
13805,0.0045024366
13794,0.015898377
13839,0.00014817747
13821,0.0005120453
13829,0.80240554
13775,0.00060648454
13804,0.82994634
13741,0.009105777
13838,0.0005690766
13797,0.8550959
13764,0.99346256
13819,0.0020417336
13742,0.93509173
13763,0.011438272
13913,0.9996606
13906,0.0035281796
13871,0.0050569023
13879,0.0023041493
13864,0.89855206
13908,0.09315579
13918,0.003308887
13861,0.0047744927
13894,0.0046004704
13891,0.006488903
13867,0.017564248
13872,0.0015295831
13935,0.9955794
13873,0.028661674
13925,0.0011820097
13862,0.0109538045
13910,0.02614019
13936,0.001718563
13874,0.9927129
13888,0.8942908
13919,0.2719056
13868,0.0087768305
13916,0.00020438216
13884,0.9998957
13941,0.9911413
13983,0.003714474
14012,0.021868892
14006,0.0074620135
13977,0.004229667
13991,0.0048172264
13990,0.0044104485
13945,0.0004533054
13992,0.009693899
14004,0.009193898
13967,0.9904749
13976,0.9424388
13939,0.0018332126
13972,0.118194476
13944,0.0060716663
14005,0.0013017551
13954,0.0035878993
14045,0.17909141
14062,0.00094994955
14041,0.00037771388
14120,0.028017817
14113,0.8913829
14055,0.02230503
14102,0.49997115
14026,0.3180553
14051,0.0036728212
14057,0.019538676
14117,0.8913829
14116,0.8998336
14079,0.029923117
14023,0.004933285
14099,0.00095073815
14077,0.0071793217
14089,0.00280171
14036,0.99945146
14121,0.009302284
14092,0.00061931636
14264,0.00021235843
14190,0.002404527
14191,0.4003274
14208,4.555438e-05
14173,0.00034390422
14175,0.0040170336
14216,0.37926605
14222,0.00066192483
14226,0.2213324
14211,0.0011752857
14259,0.81220675
14275,0.1947153
14166,0.0029487086
14271,0.0023126153
14147,0.010006695
14207,0.2058196
14214,0.05461712
14160,0.002774978
14241,0.0002926122
14260,0.009569183
14249,0.0022168632
14268,0.00038553198
14135,0.0003849442
14184,0.0009321025
14194,0.0009348161
14165,0.0011299622
14256,0.2058196
14218,0.017401582
14300,0.7346245
14289,0.00040751873
14299,0.00055439956
14291,0.7309037
14292,0.1539772
14327,0.0016294259
14324,0.008892474
14308,0.17497694
14338,0.000116351686
14356,4.8106816e-05
14364,0.013268755
14358,0.00016960438
14354,0.00071530195
14343,0.011438671
14374,0.0004877411
14386,0.0063790446
14367,0.013268755
14387,0.0011597024
14396,0.0016708283
14394,0.9979826
14392,0.00025595762
14400,0.00077812164
14401,0.01777497
14403,0.0018727641
14405,0.00042110978
14559,0.09264115
14557,0.0036896334
14542,0.0006141034
14594,0.0023900624
14584,0.00032291457
14508,0.9765812
14504,0.984677
14468,0.86023253
14441,0.0030851702
14596,0.0029628274
14606,0.043636564
14490,0.9986958
14461,0.008059853
14500,0.9902446
14551,0.008809356
14523,0.0073739495
14427,0.0010169884
14431,0.040638905
14428,0.00044006394
14453,0.9986156
14531,0.0018635757
14567,0.00017102469
14484,0.0481957
14525,0.0003388494
14497,0.9902388
14564,0.0007333744
14540,0.0008131907
14489,0.017712457
14425,1.3875256e-05
14476,0.00257977
14472,0.005296167
14569,0.000673461
14592,0.0014723086
14413,0.009259882
14599,0.9974476
14604,0.0036458103
14493,0.235939
14583,0.00023265423
14562,0.025522409
14568,0.0009930832
14506,0.9931369
14535,0.10570882
14444,0.08798977
14455,0.0019146595
14479,0.007831579
14533,0.0028607012
14603,0.0024748011
14434,0.05655335
14706,0.0020992574
14636,7.000582e-05
14711,0.0030525126
14648,0.8278312
14695,0.2568697
14638,0.08718276
14698,0.19814423
14701,0.00027386917
14629,0.0041543357
14674,0.99391806
14665,0.99152595
14617,0.7864254
14616,0.42081365
14681,0.5045168
14647,0.73807037
14632,0.00028490368
14649,0.53519684
14697,0.56024337
14611,0.020929202
14688,0.98145455
14641,0.00034085978
14672,0.9817656
14718,0.00253309
14668,0.73164046
14710,0.79801434
14759,0.9922502
14739,0.96673614
14760,0.98561066
14761,0.021543473
14777,0.006147967
14778,0.013003625
14771,0.00042158112
14749,8.164357e-05
14781,0.00018176455
14742,0.22755136
14738,0.00010531632
14797,0.002703807
14794,0.00013342027
14766,0.98786664
14782,0.80403656
14768,0.31868923
14726,0.022919703
14757,0.006633074
14786,0.00014296934
14795,0.0144477915
14792,0.9980939
14774,0.014186091
14800,0.029268095
14854,0.9994128
14815,0.9533582
14817,2.8530289e-05
14841,0.002946653
14874,0.0001038245
14847,0.008466774
14870,0.0010536852
14844,0.007144162
14861,0.033546377
14836,0.052907594
14843,0.2595387
14894,0.18091133
14927,0.60262406
14881,3.961089e-05
14929,0.6151375
14933,0.0019943605
14906,0.0004914473
14912,0.3662319
14940,0.00016822136
14911,0.01667574
14916,0.0007105122
14891,0.9990157
14875,0.0008139571
14901,0.78248173
14922,0.06464681
14945,0.76326644
14960,0.0033080806
14975,0.36464864
14992,0.1549718
14983,0.6723773
14969,2.1342408e-05
14944,0.078892335
14947,0.08333267
14950,0.005610292
14993,0.028163603
14970,0.001453406
14951,0.9987643
14982,0.5096218
15000,0.020854186
15018,0.00064325327
15035,0.8460036
15037,0.007966523
15042,0.028909162
15024,0.20584616
15056,0.85717005
15078,0.017491225
15075,0.0009159253
15050,0.79226404
15072,0.0049181986
15046,0.0023171306
15049,0.030110575
15066,0.0016896775
15130,0.0002912265
15113,0.014527733
15126,0.0006827758
15145,0.0023144698
15137,0.01780594
15151,0.13889065
15132,0.0001051672
15121,0.58666146
15123,0.26982158
15142,0.0001325501
15129,0.00044623198
15153,0.091134794
15152,0.00011553642
15106,0.011782933
15148,0.00049600593
15086,7.456042e-05
15156,0.00012323936
15143,0.8273662
15182,0.0012329686
15161,0.9560577
15180,0.8426794
15174,0.00052442815
15196,0.00613539
15165,0.09388356
15206,0.78806156
15188,0.0004640909
15172,0.0055406033
15176,0.0021741115
15203,0.003023501
15179,0.00028159237
15251,0.026953494
15234,0.00047286166
15239,0.009282762
15221,0.00047852183
15227,0.0029535382
15244,0.017472986
15222,0.0060096937
15232,0.02035383
15266,0.00023801396
15225,0.002168444
15256,0.9921347
15294,0.85059935
15308,0.0029972442
15286,0.018233495
15289,0.0025122245
15298,0.0017261615
15279,0.004555476
15273,0.0024528706
15276,0.84799
15301,0.006916298
15343,0.02500575
15318,0.015412406
15363,0.00028674988
15333,0.0015060181
15365,9.4529205e-05
15316,0.043880053
15332,7.547638e-05
15335,0.0016642206
15356,6.266243e-05
15322,0.035332657
15336,0.069771215
15358,0.00017505135
15346,0.22303514
15483,5.489215e-05
15401,0.0051489575
15449,7.838891e-05
15491,0.0013725699
15462,0.0011014076
15467,0.027825907
15423,0.00019212453
15470,7.3720366e-05
15461,0.0001633508
15383,0.011379714
15397,0.0008208123
15469,0.00012990813
15414,0.8965301
15498,0.99464214
15394,0.0068624974
15441,0.75652885
15477,0.80020726
15472,0.00015624762
15485,0.00088875665
15427,0.039986067
15494,0.9951119
15479,0.008423215
15408,0.0014741339
15464,0.002753263
15391,0.0015961295
15482,0.035273053
15535,0.0018564155
15543,0.99869555
15519,0.001675317
15560,0.0040186443
15537,0.029759392
15546,0.0006452817
15576,0.963643
15521,0.9991775
15564,0.0014644683
15579,0.9648792
15514,0.002774222
15517,0.0024605247
15544,0.00016867237
15628,0.00018079039
15602,0.0006370543
15636,0.0014272981
15595,0.00039014037
15601,3.5909005e-05
15626,0.00035532023
15598,0.0016675981
15629,0.06985679
15617,0.0031693578
15685,0.24994417
15694,0.00014608208
15705,0.0004792369
15652,0.00077574357
15658,9.375636e-05
15696,0.009370831
15677,0.0026273509
15693,0.00023933839
15710,0.07209372
15650,0.0013549597
15703,3.4617085e-05
15682,0.0006058337
15711,0.0030154742
15654,0.00031537047
15678,1.2767442e-05
15743,0.99780697
15721,0.00013397483
15740,0.99780697
15722,0.0005415303
15759,0.004985727
15720,0.008913671
15819,0.0004012687
15798,0.9966941
15764,0.018586986
15806,0.3798319
15783,0.99724627
15769,0.9986835
15756,0.99780697
15744,0.99780697
15768,0.99839884
15812,0.9993475
15735,0.0045443834
15792,0.9986713
15810,0.99844885
15779,0.57535744
15751,0.9975858
15781,0.9989716
15747,0.9971969
15830,0.3901924
15908,0.0016516626
15948,0.0068709613
15848,0.00038583291
15833,0.0041417275
15860,0.16632481
15907,0.015176585
15873,0.0072981613
15924,0.99951553
15904,0.000100264966
15857,0.032526378
15865,0.9993369
15963,0.004152892
15889,0.08345288
15951,0.0022128704
15901,0.003059966
15900,0.0034371333
15961,0.00029607932
15922,0.99803156
15840,0.0026616948
15874,0.08328552
15886,0.043172423
15868,0.9775654
15916,0.5533633
15880,6.577928e-05
15930,0.99938107
15847,0.0038871714
15879,0.11684754
15933,0.9984706
16016,0.0005498255
15988,0.00015267471
16006,6.139791e-05
16043,0.9773427
15982,0.003054372
15970,0.00024695465
15996,0.15302022
15987,0.0008687989
16008,0.00030197506
15976,0.4677352
15993,0.19486205
16048,0.9961087
15974,0.8619389
16011,0.9775383
16027,0.9989089
16009,0.00019450151
16000,0.5100763
16025,0.9991264
16012,0.9791196
16042,0.00017345019
16003,0.13036144
16111,0.0015906192
16075,0.11573522
16074,0.0021403765
16089,0.009885762
16073,0.0016820398
16059,0.9881633
16072,0.00023864566
16051,0.26247212
16125,0.0016883926
16143,0.0005872051
16120,0.8251046
16130,0.00014736585
16129,0.123053744
16135,0.083107464
16145,0.00080986315
16131,0.8251046
16138,0.00011356343
16139,0.0001209437
16179,0.9874014
16176,0.000284889
16159,0.1050464
16166,0.0011058147
16169,0.10420342
16188,0.00020000528
16193,0.0013940113
16259,0.00020703806
16221,8.213725e-05
16251,0.037893496
16249,0.00018892459
16256,0.29872167
16230,0.0046743955
16205,0.00018894295
16200,0.0022577958
16244,0.015944159
16254,0.44346097
16217,0.0013686331
16194,0.00012623408
16218,0.9589191
16208,0.9307597
16225,0.00245046
16287,0.99903846
16302,0.00016934372
16295,0.9624856
16310,0.07908556
16304,0.27951604
16269,0.00011039759
16284,0.00014615453
16294,0.000243666
16276,0.0008277766
16297,0.003000128
16292,0.00045673456
16309,0.0011357161
16316,0.00030101615
16314,0.000319832
16326,0.00035254212
16332,0.8274687
16331,0.80404305
16319,0.0004076825
16335,4.6862865e-06
16366,0.0025938607
16356,0.9987571
16348,0.0074723577
16365,0.00021978984
16353,0.00027399688
16352,0.09778833
16367,0.0021202173
16389,0.9945305
16391,0.81648684
16398,0.013522985
16388,0.0002843932
16384,0.0059141745
16383,0.00037527812
16397,0.00020242935
16396,0.007657232
16382,0.023804981
16406,4.6391728e-05
16447,0.0002516053
16453,0.001358271
16418,0.00030161682
16425,0.003303072
16419,0.0010422947
16435,0.0040629595
16417,0.29346606
16440,0.092877634
16416,4.6859794e-05
16465,0.0003914329
16478,0.0051900134
16483,0.0006024581
16498,0.00017883739
16471,0.00020750643
16489,0.9505842
16507,0.0013119065
16525,0.012493029
16524,0.06534023
16502,0.08368088
16556,1.970949e-05
16542,0.0018249907
16543,0.0016728466
16552,0.98495066
16530,0.0018668363
16554,0.00010781552
16546,0.092588454
16572,0.032714527
16562,0.9988896
16566,0.004565392
16560,9.82032e-05
16608,7.4999625e-05
16630,0.0022987253
16592,0.0002301683
16588,0.00014040552
16594,0.033338767
16612,0.21913633
16628,0.0722962
16586,0.001358271
16580,0.00026600016
16637,0.014183289
16633,0.00016296824
16606,0.9990181
16593,0.00041272843
16662,0.9757248
16679,0.0020262569
16645,0.0001542286
16661,0.055984624
16668,0.009760141
16653,0.0012737578
16687,0.00031453272
16681,0.002141824
16714,0.0004465373
16722,0.0022399141
16745,0.011941019
16757,0.9352472
16741,0.0025102668
16755,0.031818397
16732,0.012177906
16758,0.002309047
16804,0.00080159045
16799,0.00019994998
16794,0.082329676
16792,0.0013651918
16778,6.536053e-05
16797,0.99748695
16793,0.00056947
16766,0.015469399
16761,0.0011501812
16784,0.035515983
16807,0.04279075
16820,0.00028415117
16829,0.0014533879
16846,0.0011785732
16816,0.043359824
16815,0.0014792939
16843,0.0037848607
16840,0.95531774
16817,0.050376784
16819,0.65297854
16841,0.030555343
16835,0.0018839774
16833,0.002363883
16839,0.34630913
16867,0.00023155434
16863,0.00011280126
16879,0.0008277568
16913,0.000106497704
16922,0.9955669
16944,0.0015691791
16940,0.00012819117
16898,0.010861637
16956,0.0028641992
16916,0.021215001
16960,0.99754447
16924,0.05945532
16934,0.15570763
16930,0.0007861033
16954,0.007285418
16936,0.00011189481
16949,0.11168252
16953,0.00060937845
16965,0.0042601316
16909,0.0010004367
16966,0.00043572485
16984,0.083143115
16999,0.0012894154
16968,0.034924157
16967,0.004810095
17008,0.008073768
16975,0.040500887
17003,0.027600057
17005,0.11283461
16991,0.9554304
16992,0.95686066
16985,0.044063278
17018,0.000102768485
17029,0.02323027
17036,0.08213273
17030,0.1234136
17032,0.9666732
17021,0.00013932234
17042,8.1934246e-05
17050,0.06637675
17047,0.021029526
17051,0.7308538
17074,0.00090346014
17073,0.001293115
17080,0.007829123
17069,0.746459
17060,0.010833354
17064,0.005289391
17059,0.1474721
17089,0.027852459
17087,0.003743039
17112,0.002567581
17123,0.0004679287
17097,0.001139305
17096,0.0004896524
17193,0.0024182897
17209,0.9374984
17196,0.26363012
17134,0.015563748
17159,0.9930067
17194,0.0012543441
17147,0.0008957825
17189,0.00016098209
17145,0.0013431759
17155,0.0002971018
17149,0.00036762512
17201,0.000634672
17190,0.0013211067
17173,0.10860379
17142,0.14287104
17176,0.030341102
17144,0.0004763365
17178,0.5737383
17158,0.96135306
17207,0.011046898
17208,0.022586538
17185,0.0011517034
17132,0.0002344061
17141,0.00013272921
17224,0.010303971
17225,0.9493321
17244,0.048215564
17242,0.0034720383
17245,0.0014708401
17269,0.96760356
17267,0.0017736558
17258,0.9893524
17249,0.00095818087
17287,0.00010569974
17283,0.0029251848
17302,0.0019763787
17297,0.034177516
17310,0.0042858776
17384,0.00046798534
17378,0.0005421555
17316,0.0029984058
17393,0.0005198033
17403,0.00053790666
17408,0.9895196
17341,0.054991458
17388,0.45932922
17398,0.7527426
17387,0.0022391374
17396,0.019840892
17343,0.0066096825
17315,0.00016613887
17380,0.9984364
17333,0.85652447
17376,0.00082931854
17470,0.96507317
17428,0.006793055
17443,0.0071272333
17451,0.80962455
17411,0.043074764
17454,0.9976991
17425,0.26310498
17417,0.0072226976
17420,0.00023285572
17449,0.00071048987
17427,0.00040802837
17434,0.2104415
17503,0.5127807
17471,0.09728105
17485,0.98137134
17510,0.9630612
17504,0.32748908
17484,0.98375535
17473,0.00064994564
17482,0.8108511
17476,0.0013132623
17487,0.18275921
17520,0.07250301
17524,0.8262449
17563,0.053316943
17574,0.25343633
17587,0.22486429
17558,0.9704295
17561,0.24649826
17579,0.00043331375
17554,0.0039927373
17570,0.010384952
17602,0.017158244
17641,0.80512863
17669,0.0062948368
17717,0.99366164
17714,0.24942406
17655,0.03499659
17661,0.0001981298
17712,9.914687e-06
17612,0.00054157036
17707,5.7170524e-05
17704,0.0020432489
17713,0.0011022777
17629,0.4858017
17690,0.98353046
17632,0.228082
17645,0.99302685
17606,0.00045040876
17660,0.06013147
17635,0.06159134
17686,0.09988195
17613,0.10786719
17618,0.19807547
17663,0.03694815
17654,0.0005135373
17756,0.044700515
17751,0.001816824
17774,0.5161959
17752,0.0045905854
17732,0.79360753
17759,0.09601599
17740,0.0008482137
17755,0.000834306
17734,0.8415146
17765,0.9956548
17772,0.009976399
17754,0.123908184
17726,0.0007690181
17742,0.06122251
17783,0.00025494394
17778,0.00021943262
17802,0.30830148
17782,0.123813376
17805,0.20678616
17797,0.9406417
17830,0.016614527
17833,0.003368578
17819,0.8000067
17840,0.013105165
17821,0.9794667
17822,0.9775065
17880,0.009493732
17855,0.9604026
17865,0.14940447
17854,0.83686805
17857,0.75610405
17885,0.093313366
